<?xml version="1.0" encoding="utf-8"?>
<extension type="module" version="3.0" client="site" method="upgrade">
    <name>HikaShop User Manager</name>
    <author>Your Name</author>
    <version>1.0.0</version>
    <description>HikaShop kullanıcı yönetim modülü</description>
    <files>
        <filename module="mod_hikashop_usermanager">mod_hikashop_usermanager.php</filename>
        <filename>helper.php</filename>
        <folder>tmpl</folder>
    </files>
    <config>
        <fields name="params">
            <fieldset name="basic">
                <field
                    name="moduleclass_sfx"
                    type="text"
                    label="Module Class Suffix"
                    description="CSS sınıf soneki" />
            </fieldset>
        </fields>
    </config>
</extension>
