<?xml version="1.0" encoding="utf-8"?>
<extension type="module" version="3.0" client="site" method="upgrade">
    <name>MOD_ORDER_STATUS_UPDATER</name>
    <author>Your Name</author>
    <version>1.0.0</version>
    <description>MOD_ORDER_STATUS_UPDATER_XML_DESCRIPTION</description>
    <files>
        <filename module="mod_order_status_updater">mod_order_status_updater.php</filename>
        <filename>helper.php</filename>
        <folder>tmpl</folder>
    </files>
    <config>
        <fields name="params">
            <fieldset name="basic">
                <field
                    name="moduleclass_sfx"
                    type="text"
                    label="COM_MODULES_FIELD_MODULECLASS_SFX_LABEL"
                    description="COM_MODULES_FIELD_MODULECLASS_SFX_DESC" />
            </fieldset>
        </fields>
    </config>
</extension>
