<?xml version="1.0" encoding="utf-8"?>
<extension type="module" version="3.1" client="site" method="upgrade">
    <name>MOD_MANAGE_PRODUCTS</name>
    <author>Your Name</author>
    <version>1.0.0</version>
    <description>MOD_MANAGE_PRODUCTS_XML_DESCRIPTION</description>
    <files>
        <filename module="mod_manage_products">mod_manage_products.php</filename>
        <folder>tmpl</folder>
        <filename>helper.php</filename>
        <filename>index.html</filename>
    </files>
</extension>
